nichd,null_99
term_neonatal,2.6549017076639285
infancy,2.3424740842826974
toddler,2.384844260845914
early_childhood,2.6989566909507974
middle_childhood,3.2279419146896537
early_adolescence,3.8079435907393533
late_adolescence,4.397453705122039
