stage,threshold_p90,threshold_p95,threshold_p99,threshold_p999,n_samples,mean_null,sd_null,stage_name
1,-0.00524554298812543,-0.00452210513744702,-0.00341919484938843,0.576262466059529,494,-0.444277663325737,0.785078090406421,term_neonatal
2,-0.00471556782872572,-0.00394061269457029,-0.00279872800813015,0.811623074105617,494,-0.32127308293587,0.569616242983001,infancy
3,-0.00560088958688912,-0.00483031786748819,0.273485519268947,0.967876696000696,494,-0.281457716468374,0.541018775494315,toddler
4,-0.00488221820654257,0.196373740942325,0.586742920682516,1.4839512876554,494,-0.289146901547791,0.616338390394785,early_childhood
5,0.0925497824357868,0.352460742449388,0.89957113704833,1.00897140148058,494,-0.327032634922152,0.689029373620964,middle_childhood
6,0.120043574274238,0.466968194458832,0.843001007279202,1.26698610807295,494,-0.387232037979665,0.79838761936346,early_adolescence
7,0.0554711499093814,0.417991921798995,0.935828106913276,1.64640716785494,494,-0.496778536658995,0.98102022756289,late_adolescence
