metric,value
Sensitivity,0.48
Specificity,0.7754
PPV,0.0877335499593826
NPV,0.970706059088633
Accuracy,0.762679425837321
F1,0.148351648351648
AUC,0.651045555555556
