stage,threshold_p90,threshold_p95,threshold_p99,threshold_p999,n_samples,mean_null,sd_null,stage_name
1,-0.00330209445655789,-0.00217971665586433,-0.000504650367454981,1.20414192450024,10398,-1.65679605366182,9.4361546009785,term_neonatal
2,-0.00293518739812963,-0.0017740338503067,0.94736903208723,2.18207987712083,10395,-2.44618022451376,16.8165570822904,infancy
3,-0.00358151320715655,-0.00210582987367288,1.33327641354745,2.40677842314538,10394,-4.32239605268618,30.2860856555717,toddler
4,-0.00366429554178351,0.0708844069392126,1.40291310678742,2.60188639672077,10394,-6.0482160368575,42.6590152820822,early_childhood
5,-0.00410999341920157,0.165216945256744,0.889550109839335,1.37616202272465,10395,-8.15866603603264,59.2676206163243,middle_childhood
6,-0.00497145828141143,0.225713498412696,0.95871259110052,1.56525263558117,10399,-10.0743339549263,76.4300653124609,early_adolescence
7,-0.00703180112302691,0.11536058921695,0.843292492191858,1.662858097226,10398,-12.7828126373757,96.3055354386089,late_adolescence
